{"all":{"0":null,"1":13.875,"2":17.7857142857,"3":10.3571428571,"4":11.8472222222,"5":11.52,"6":10.974025974,"7":9.3543123543,"8":8.9383561644,"9":8.8524374177,"10":8.8046218487,"11":8.6391231029,"12":8.2067371202,"13":7.9855875831,"14":7.8089725036,"15":7.7129269347,"16":7.631147541,"17":7.5771550195,"18":7.5663716814,"19":7.5378486056,"20":7.3566789043,"21":7.3441120992,"22":7.2818671454,"23":7.2117128155,"24":7.0911825966,"25":7.0530421217,"26":6.9815247399,"27":6.8729158194,"28":6.735288443,"29":6.5967831392,"30":6.5457013575,"31":6.4962459778},"de":{"0":null,"1":null,"2":29.0,"3":13.6666666667,"4":12.6,"5":15.5714285714,"6":15.9090909091,"7":9.8148148148,"8":11.5416666667,"9":10.1818181818,"10":11.0,"11":11.2631578947,"12":10.6,"13":10.24,"14":9.35,"15":8.9420289855,"16":9.2222222222,"17":8.6976744186,"18":8.4270833333,"19":8.0283018868,"20":8.2568807339,"21":8.1592920354,"22":7.9333333333,"23":8.0833333333,"24":7.75,"25":7.6717557252,"26":7.4202898551,"27":7.1712328767,"28":6.9681528662,"29":7.0251572327,"30":6.8606060606,"31":6.6432748538},"fr":{"0":null,"1":null,"2":null,"3":null,"4":70.0,"5":50.0,"6":23.75,"7":20.9444444444,"8":19.8095238095,"9":16.25,"10":14.2647058824,"11":12.6585365854,"12":11.0188679245,"13":10.0476190476,"14":9.7058823529,"15":9.7464788732,"16":8.987654321,"17":8.1145833333,"18":8.24,"19":8.0865384615,"20":7.7747747748,"21":7.6068376068,"22":7.7520661157,"23":7.3435114504,"24":7.4060150376,"25":7.3405797101,"26":7.6408450704,"27":7.6164383562,"28":7.4934210526,"29":7.2317073171,"30":7.2168674699,"31":7.251497006},"gb":{"0":null,"1":null,"2":null,"3":null,"4":6.5,"5":8.3333333333,"6":15.6666666667,"7":9.8333333333,"8":7.5454545455,"9":9.8181818182,"10":6.4090909091,"11":6.5,"12":6.40625,"13":6.696969697,"14":6.9117647059,"15":6.7027027027,"16":6.7317073171,"17":6.8780487805,"18":6.6888888889,"19":6.4081632653,"20":6.1509433962,"21":6.0925925926,"22":6.0727272727,"23":6.2105263158,"24":6.2413793103,"25":6.1,"26":6.2711864407,"27":6.25,"28":6.262295082,"29":6.09375,"30":6.0461538462,"31":6.0},"ru":{"0":null,"1":null,"2":null,"3":null,"4":null,"5":null,"6":57.0,"7":78.0,"8":22.75,"9":19.6666666667,"10":16.875,"11":14.6363636364,"12":13.75,"13":12.05,"14":11.3913043478,"15":11.9583333333,"16":11.2962962963,"17":11.3571428571,"18":11.0,"19":11.375,"20":12.1212121212,"21":11.9411764706,"22":11.8333333333,"23":11.6578947368,"24":11.8684210526,"25":12.2368421053,"26":11.975,"27":12.25,"28":12.1463414634,"29":11.6046511628,"30":11.4,"31":11.4666666667},"us":{"0":null,"1":9.6666666667,"2":9.5,"3":6.0,"4":8.1304347826,"5":7.5945945946,"6":6.8235294118,"7":6.6448598131,"8":6.8396946565,"9":6.4941176471,"10":6.702970297,"11":7.0210970464,"12":6.7377622378,"13":6.6666666667,"14":6.6858789625,"15":6.4591029024,"16":6.39408867,"17":6.4252336449,"18":6.3656387665,"19":6.1851851852,"20":6.1001926782,"21":6.1329588015,"22":5.9696969697,"23":5.9670138889,"24":5.8789386401,"25":5.8838709677,"26":5.8615863142,"27":5.8232628399,"28":5.7062228654,"29":5.6913229018,"30":5.6316526611,"31":5.6075418994}}