{"all":{"0":null,"1":13.75,"2":17.2142857143,"3":9.7619047619,"4":10.8732394366,"5":10.2764227642,"6":9.6194690265,"7":8.0666666667,"8":7.6097560976,"9":7.497311828,"10":7.4790547798,"11":7.3529921943,"12":7.0013745704,"13":6.8279258401,"14":6.7060314242,"15":6.6287534122,"16":6.5654859967,"17":6.5280602637,"18":6.5092431113,"19":6.4629206142,"20":6.2985254288,"21":6.2873993096,"22":6.2318481848,"23":6.1811231215,"24":6.0536828964,"25":5.9983116257,"26":5.864057434,"27":5.7385752688,"28":5.571858217,"29":5.4354604032,"30":5.378577269,"31":5.3231854839},"de":{"0":null,"1":null,"2":26.0,"3":11.6666666667,"4":10.4,"5":13.5714285714,"6":13.5454545455,"7":8.0740740741,"8":9.625,"9":8.4242424242,"10":9.25,"11":9.3947368421,"12":8.7777777778,"13":8.7142857143,"14":7.8983050847,"15":7.6417910448,"16":7.8714285714,"17":7.5731707317,"18":7.3846153846,"19":7.08,"20":7.2718446602,"21":7.2452830189,"22":7.0714285714,"23":7.1964285714,"24":6.85,"25":6.756097561,"26":6.496124031,"27":6.2666666667,"28":5.986013986,"29":5.9448275862,"30":5.8581081081,"31":5.6493506494},"fr":{"0":null,"1":null,"2":null,"3":null,"4":null,"5":73.0,"6":19.0,"7":15.0588235294,"8":14.25,"9":12.0384615385,"10":10.5625,"11":9.1794871795,"12":8.1,"13":7.5172413793,"14":7.3387096774,"15":7.5,"16":6.9315068493,"17":6.3882352941,"18":6.5862068966,"19":6.5,"20":6.2268041237,"21":6.1782178218,"22":6.3980582524,"23":6.1171171171,"24":6.0973451327,"25":6.0603448276,"26":5.9916666667,"27":6.0661157025,"28":6.0406504065,"29":5.786259542,"30":5.7067669173,"31":5.7089552239},"gb":{"0":null,"1":null,"2":null,"3":null,"4":6.5,"5":7.3333333333,"6":14.0,"7":8.3333333333,"8":6.2727272727,"9":7.8181818182,"10":5.0909090909,"11":5.1923076923,"12":5.0,"13":5.1515151515,"14":5.2941176471,"15":5.0810810811,"16":5.2195121951,"17":5.3170731707,"18":5.2444444444,"19":5.125,"20":4.9423076923,"21":4.8867924528,"22":4.9811320755,"23":5.1636363636,"24":5.1785714286,"25":5.0517241379,"26":5.1578947368,"27":5.1034482759,"28":5.1186440678,"29":5.0163934426,"30":5.0,"31":4.9838709677},"ru":{"0":null,"1":null,"2":null,"3":null,"4":null,"5":null,"6":56.0,"7":75.0,"8":21.5,"9":18.3333333333,"10":15.5,"11":13.6363636364,"12":14.4285714286,"13":12.1666666667,"14":11.2857142857,"15":11.7727272727,"16":11.375,"17":11.4,"18":10.9285714286,"19":11.2413793103,"20":11.8666666667,"21":11.6774193548,"22":11.4848484848,"23":11.2285714286,"24":11.4571428571,"25":11.4166666667,"26":11.1891891892,"27":11.2972972973,"28":11.0526315789,"29":10.7692307692,"30":10.4146341463,"31":10.512195122},"us":{"0":null,"1":9.6666666667,"2":9.5,"3":5.95,"4":8.0,"5":7.5555555556,"6":6.6417910448,"7":6.4339622642,"8":6.5692307692,"9":6.1834319527,"10":6.3233830846,"11":6.6340425532,"12":6.332155477,"13":6.28125,"14":6.3011695906,"15":6.0882352941,"16":5.9900249377,"17":6.0071090047,"18":5.9887640449,"19":5.7903563941,"20":5.6901960784,"21":5.7028571429,"22":5.54,"23":5.530141844,"24":5.3976311337,"25":5.3601973684,"26":5.2571428571,"27":5.1757387247,"28":5.030075188,"29":4.9837037037,"30":4.9574155653,"31":4.9487554905}}